,mean_fit_time,std_fit_time,mean_score_time,std_score_time,param_class_weight,param_criterion,param_max_depth,params,split0_test_score,split1_test_score,split2_test_score,split3_test_score,split4_test_score,mean_test_score,std_test_score,rank_test_score
69,0.004485607147216797,8.937867034713884e-05,0.001401996612548828,4.1568496351821155e-05,balanced,gini,21,"{'class_weight': 'balanced', 'criterion': 'gini', 'max_depth': 21}",0.8888888888888888,0.8592592592592593,0.9037037037037037,0.8847583643122676,0.8327137546468402,0.873864794162192,0.025065847356882748,1
73,0.004477500915527344,0.00013508275746091012,0.0014069557189941406,3.5473736261071245e-05,balanced,gini,25,"{'class_weight': 'balanced', 'criterion': 'gini', 'max_depth': 25}",0.8888888888888888,0.8740740740740741,0.9037037037037037,0.8736059479553904,0.828996282527881,0.8738537794299877,0.025017503768682597,2
70,0.004471540451049805,0.00011333928761603814,0.0013714313507080078,7.344530669971525e-06,balanced,gini,22,"{'class_weight': 'balanced', 'criterion': 'gini', 'max_depth': 22}",0.8851851851851852,0.8629629629629629,0.9037037037037037,0.8810408921933085,0.828996282527881,0.8723778053146083,0.025262564157673167,3
97,0.004511547088623047,8.154478667140124e-05,0.001393890380859375,6.023655663418705e-05,balanced,gini,49,"{'class_weight': 'balanced', 'criterion': 'gini', 'max_depth': 49}",0.8888888888888888,0.8666666666666667,0.9037037037037037,0.8736059479553904,0.828996282527881,0.872372297948506,0.025179394739837782,4
71,0.004546451568603516,0.00010455978825141772,0.001398468017578125,2.6047969017624598e-05,balanced,gini,23,"{'class_weight': 'balanced', 'criterion': 'gini', 'max_depth': 23}",0.8888888888888888,0.8666666666666667,0.9037037037037037,0.8736059479553904,0.828996282527881,0.872372297948506,0.025179394739837782,4
75,0.004489231109619141,7.814187025111799e-05,0.001378774642944336,1.4206226603972385e-05,balanced,gini,27,"{'class_weight': 'balanced', 'criterion': 'gini', 'max_depth': 27}",0.8888888888888888,0.8666666666666667,0.9037037037037037,0.8736059479553904,0.828996282527881,0.872372297948506,0.025179394739837782,4
76,0.004526185989379883,6.357464382537489e-05,0.0013893604278564452,4.011631890481272e-05,balanced,gini,28,"{'class_weight': 'balanced', 'criterion': 'gini', 'max_depth': 28}",0.8888888888888888,0.8666666666666667,0.9037037037037037,0.8736059479553904,0.828996282527881,0.872372297948506,0.025179394739837782,4
77,0.004505538940429687,0.0001234676434339964,0.0014357566833496094,0.00011542089414742799,balanced,gini,29,"{'class_weight': 'balanced', 'criterion': 'gini', 'max_depth': 29}",0.8888888888888888,0.8666666666666667,0.9037037037037037,0.8736059479553904,0.828996282527881,0.872372297948506,0.025179394739837782,4
78,0.004533815383911133,7.998286318338777e-05,0.0014068126678466798,4.630125636888313e-05,balanced,gini,30,"{'class_weight': 'balanced', 'criterion': 'gini', 'max_depth': 30}",0.8888888888888888,0.8666666666666667,0.9037037037037037,0.8736059479553904,0.828996282527881,0.872372297948506,0.025179394739837782,4
79,0.0045226097106933595,0.00013018478814594593,0.001399993896484375,3.1042062375564185e-05,balanced,gini,31,"{'class_weight': 'balanced', 'criterion': 'gini', 'max_depth': 31}",0.8888888888888888,0.8666666666666667,0.9037037037037037,0.8736059479553904,0.828996282527881,0.872372297948506,0.025179394739837782,4
80,0.004490566253662109,0.00011048857165726096,0.0013779163360595702,5.108170219742615e-06,balanced,gini,32,"{'class_weight': 'balanced', 'criterion': 'gini', 'max_depth': 32}",0.8888888888888888,0.8666666666666667,0.9037037037037037,0.8736059479553904,0.828996282527881,0.872372297948506,0.025179394739837782,4
81,0.00459742546081543,0.0001265173980283054,0.0013934135437011718,2.5318032523530378e-05,balanced,gini,33,"{'class_weight': 'balanced', 'criterion': 'gini', 'max_depth': 33}",0.8888888888888888,0.8666666666666667,0.9037037037037037,0.8736059479553904,0.828996282527881,0.872372297948506,0.025179394739837782,4
82,0.004506158828735352,7.885139345593201e-05,0.0013808727264404297,1.9653212394477297e-05,balanced,gini,34,"{'class_weight': 'balanced', 'criterion': 'gini', 'max_depth': 34}",0.8888888888888888,0.8666666666666667,0.9037037037037037,0.8736059479553904,0.828996282527881,0.872372297948506,0.025179394739837782,4
83,0.0045834541320800785,9.70071964345543e-05,0.0013763427734375,7.032984384734599e-06,balanced,gini,35,"{'class_weight': 'balanced', 'criterion': 'gini', 'max_depth': 35}",0.8888888888888888,0.8666666666666667,0.9037037037037037,0.8736059479553904,0.828996282527881,0.872372297948506,0.025179394739837782,4
84,0.00448298454284668,9.130902436863748e-05,0.00141143798828125,6.255023996907939e-05,balanced,gini,36,"{'class_weight': 'balanced', 'criterion': 'gini', 'max_depth': 36}",0.8888888888888888,0.8666666666666667,0.9037037037037037,0.8736059479553904,0.828996282527881,0.872372297948506,0.025179394739837782,4
85,0.004511260986328125,0.0001412750774169032,0.0014425754547119141,0.00011119650320547907,balanced,gini,37,"{'class_weight': 'balanced', 'criterion': 'gini', 'max_depth': 37}",0.8888888888888888,0.8666666666666667,0.9037037037037037,0.8736059479553904,0.828996282527881,0.872372297948506,0.025179394739837782,4
86,0.004526090621948242,0.0001425646934965826,0.001398324966430664,3.766409910100499e-05,balanced,gini,38,"{'class_weight': 'balanced', 'criterion': 'gini', 'max_depth': 38}",0.8888888888888888,0.8666666666666667,0.9037037037037037,0.8736059479553904,0.828996282527881,0.872372297948506,0.025179394739837782,4
87,0.0044878959655761715,7.52254407729469e-05,0.001379537582397461,6.609657933634888e-06,balanced,gini,39,"{'class_weight': 'balanced', 'criterion': 'gini', 'max_depth': 39}",0.8888888888888888,0.8666666666666667,0.9037037037037037,0.8736059479553904,0.828996282527881,0.872372297948506,0.025179394739837782,4
88,0.004582834243774414,8.121817695544336e-05,0.001397991180419922,3.976536015542276e-05,balanced,gini,40,"{'class_weight': 'balanced', 'criterion': 'gini', 'max_depth': 40}",0.8888888888888888,0.8666666666666667,0.9037037037037037,0.8736059479553904,0.828996282527881,0.872372297948506,0.025179394739837782,4
89,0.004473733901977539,0.00013395351340320582,0.001382923126220703,4.026539004118168e-05,balanced,gini,41,"{'class_weight': 'balanced', 'criterion': 'gini', 'max_depth': 41}",0.8888888888888888,0.8666666666666667,0.9037037037037037,0.8736059479553904,0.828996282527881,0.872372297948506,0.025179394739837782,4
90,0.004500627517700195,6.436153592062983e-05,0.0013878345489501953,2.6221274896022685e-05,balanced,gini,42,"{'class_weight': 'balanced', 'criterion': 'gini', 'max_depth': 42}",0.8888888888888888,0.8666666666666667,0.9037037037037037,0.8736059479553904,0.828996282527881,0.872372297948506,0.025179394739837782,4
91,0.0044710636138916016,9.626632492333482e-05,0.0014191150665283203,8.264750384034466e-05,balanced,gini,43,"{'class_weight': 'balanced', 'criterion': 'gini', 'max_depth': 43}",0.8888888888888888,0.8666666666666667,0.9037037037037037,0.8736059479553904,0.828996282527881,0.872372297948506,0.025179394739837782,4
92,0.004512262344360351,0.00011847656128854983,0.0013995647430419921,4.114483027176145e-05,balanced,gini,44,"{'class_weight': 'balanced', 'criterion': 'gini', 'max_depth': 44}",0.8888888888888888,0.8666666666666667,0.9037037037037037,0.8736059479553904,0.828996282527881,0.872372297948506,0.025179394739837782,4
93,0.004476213455200195,0.00012061610761936069,0.0013942241668701172,4.495373299497864e-05,balanced,gini,45,"{'class_weight': 'balanced', 'criterion': 'gini', 'max_depth': 45}",0.8888888888888888,0.8666666666666667,0.9037037037037037,0.8736059479553904,0.828996282527881,0.872372297948506,0.025179394739837782,4
96,0.004458570480346679,0.00013143958963981618,0.001371288299560547,2.4155273357497e-05,balanced,gini,48,"{'class_weight': 'balanced', 'criterion': 'gini', 'max_depth': 48}",0.8888888888888888,0.8666666666666667,0.9037037037037037,0.8736059479553904,0.828996282527881,0.872372297948506,0.025179394739837782,4
94,0.004474449157714844,0.00010272829937896251,0.0013804912567138671,2.7469876440211226e-05,balanced,gini,46,"{'class_weight': 'balanced', 'criterion': 'gini', 'max_depth': 46}",0.8888888888888888,0.8666666666666667,0.9037037037037037,0.8736059479553904,0.828996282527881,0.872372297948506,0.025179394739837782,4
95,0.004544878005981445,9.415941465928128e-05,0.001380586624145508,2.3108947543462495e-05,balanced,gini,47,"{'class_weight': 'balanced', 'criterion': 'gini', 'max_depth': 47}",0.8888888888888888,0.8666666666666667,0.9037037037037037,0.8736059479553904,0.828996282527881,0.872372297948506,0.025179394739837782,4
74,0.004514217376708984,9.915805487801626e-05,0.001413869857788086,3.9720105950827626e-05,balanced,gini,26,"{'class_weight': 'balanced', 'criterion': 'gini', 'max_depth': 26}",0.8888888888888888,0.8629629629629629,0.9037037037037037,0.8736059479553904,0.828996282527881,0.8716315572077654,0.02538994867912793,28
72,0.0045053958892822266,0.0001574040831525101,0.0013747215270996094,2.2768162917614254e-05,balanced,gini,24,"{'class_weight': 'balanced', 'criterion': 'gini', 'max_depth': 24}",0.8888888888888888,0.8629629629629629,0.9037037037037037,0.8736059479553904,0.828996282527881,0.8716315572077654,0.02538994867912793,28
68,0.004461669921875,0.0001120983817432981,0.0014023780822753906,4.42837721514641e-05,balanced,gini,20,"{'class_weight': 'balanced', 'criterion': 'gini', 'max_depth': 20}",0.8888888888888888,0.8555555555555555,0.9074074074074074,0.8736059479553904,0.828996282527881,0.8708908164670246,0.027037330360114766,30
167,0.004031610488891601,5.438837318516135e-05,0.001397085189819336,3.516375803828223e-05,,gini,21,"{'class_weight': None, 'criterion': 'gini', 'max_depth': 21}",0.8703703703703703,0.8851851851851852,0.8888888888888888,0.8661710037174721,0.8327137546468402,0.8686658405617514,0.019917542744077192,31
19,0.004820489883422851,5.49616830848691e-05,0.0014252185821533204,0.00011047807590364782,balanced,entropy,20,"{'class_weight': 'balanced', 'criterion': 'entropy', 'max_depth': 20}",0.8777777777777778,0.8592592592592593,0.8740740740740741,0.8773234200743495,0.8513011152416357,0.8679471292854192,0.0107206790859479,32
23,0.0051022529602050785,0.0001297375329340905,0.0014620304107666015,0.00010299985051130001,balanced,entropy,24,"{'class_weight': 'balanced', 'criterion': 'entropy', 'max_depth': 24}",0.8777777777777778,0.8666666666666667,0.8703703703703703,0.8810408921933085,0.8438661710037175,0.8679443756023681,0.01308046232052485,33
24,0.004939460754394531,7.700744426128854e-05,0.001432943344116211,6.996899251109652e-05,balanced,entropy,25,"{'class_weight': 'balanced', 'criterion': 'entropy', 'max_depth': 25}",0.8777777777777778,0.8666666666666667,0.8703703703703703,0.8810408921933085,0.8438661710037175,0.8679443756023681,0.01308046232052485,33
166,0.004050445556640625,5.935643969534765e-05,0.001367044448852539,4.252681759167346e-06,,gini,20,"{'class_weight': None, 'criterion': 'gini', 'max_depth': 20}",0.8740740740740741,0.8851851851851852,0.8851851851851852,0.8661710037174721,0.828996282527881,0.8679223461379595,0.02074685811871516,35
27,0.005064821243286133,4.886606165761008e-05,0.001520681381225586,0.00013133097799430886,balanced,entropy,28,"{'class_weight': 'balanced', 'criterion': 'entropy', 'max_depth': 28}",0.8777777777777778,0.8629629629629629,0.8703703703703703,0.8810408921933085,0.8438661710037175,0.8672036348616274,0.013235791779323524,36
26,0.005063819885253906,0.00017231297009881263,0.0014602184295654298,6.329887105111808e-05,balanced,entropy,27,"{'class_weight': 'balanced', 'criterion': 'entropy', 'max_depth': 27}",0.8777777777777778,0.8629629629629629,0.8703703703703703,0.8810408921933085,0.8438661710037175,0.8672036348616274,0.013235791779323524,36
48,0.00486149787902832,2.8278333076523965e-05,0.0013866901397705078,3.5788971533893404e-05,balanced,entropy,49,"{'class_weight': 'balanced', 'criterion': 'entropy', 'max_depth': 49}",0.8777777777777778,0.8629629629629629,0.8703703703703703,0.8810408921933085,0.8438661710037175,0.8672036348616274,0.013235791779323524,36
25,0.004826259613037109,4.74814416279592e-05,0.0013661861419677734,2.268863154100479e-06,balanced,entropy,26,"{'class_weight': 'balanced', 'criterion': 'entropy', 'max_depth': 26}",0.8777777777777778,0.8629629629629629,0.8703703703703703,0.8810408921933085,0.8438661710037175,0.8672036348616274,0.013235791779323524,36
46,0.004800605773925781,5.028934553958179e-05,0.0013649940490722656,1.2529480455031848e-05,balanced,entropy,47,"{'class_weight': 'balanced', 'criterion': 'entropy', 'max_depth': 47}",0.8777777777777778,0.8629629629629629,0.8703703703703703,0.8810408921933085,0.8438661710037175,0.8672036348616274,0.013235791779323524,36
45,0.004851722717285156,5.813925901597954e-05,0.00139007568359375,4.71038368090188e-05,balanced,entropy,46,"{'class_weight': 'balanced', 'criterion': 'entropy', 'max_depth': 46}",0.8777777777777778,0.8629629629629629,0.8703703703703703,0.8810408921933085,0.8438661710037175,0.8672036348616274,0.013235791779323524,36
44,0.004831886291503907,7.008104768121672e-05,0.0013765811920166016,1.0364382240461828e-05,balanced,entropy,45,"{'class_weight': 'balanced', 'criterion': 'entropy', 'max_depth': 45}",0.8777777777777778,0.8629629629629629,0.8703703703703703,0.8810408921933085,0.8438661710037175,0.8672036348616274,0.013235791779323524,36
43,0.005098104476928711,0.0003060162415119649,0.0014222621917724609,5.44366789683631e-05,balanced,entropy,44,"{'class_weight': 'balanced', 'criterion': 'entropy', 'max_depth': 44}",0.8777777777777778,0.8629629629629629,0.8703703703703703,0.8810408921933085,0.8438661710037175,0.8672036348616274,0.013235791779323524,36
47,0.004881811141967773,0.00012185175896105577,0.0013789653778076172,1.647498258947802e-05,balanced,entropy,48,"{'class_weight': 'balanced', 'criterion': 'entropy', 'max_depth': 48}",0.8777777777777778,0.8629629629629629,0.8703703703703703,0.8810408921933085,0.8438661710037175,0.8672036348616274,0.013235791779323524,36
41,0.004825162887573242,5.840007493026366e-05,0.0013838768005371093,2.8238906840872678e-05,balanced,entropy,42,"{'class_weight': 'balanced', 'criterion': 'entropy', 'max_depth': 42}",0.8777777777777778,0.8629629629629629,0.8703703703703703,0.8810408921933085,0.8438661710037175,0.8672036348616274,0.013235791779323524,36
28,0.0051421642303466795,0.0004175722210638351,0.0014400482177734375,7.276838128813089e-05,balanced,entropy,29,"{'class_weight': 'balanced', 'criterion': 'entropy', 'max_depth': 29}",0.8777777777777778,0.8629629629629629,0.8703703703703703,0.8810408921933085,0.8438661710037175,0.8672036348616274,0.013235791779323524,36
29,0.004883193969726562,8.283425934361959e-05,0.0013915061950683593,2.0541445225215587e-05,balanced,entropy,30,"{'class_weight': 'balanced', 'criterion': 'entropy', 'max_depth': 30}",0.8777777777777778,0.8629629629629629,0.8703703703703703,0.8810408921933085,0.8438661710037175,0.8672036348616274,0.013235791779323524,36
30,0.004869890213012695,4.827052487200738e-05,0.0014197826385498047,6.803381832781978e-05,balanced,entropy,31,"{'class_weight': 'balanced', 'criterion': 'entropy', 'max_depth': 31}",0.8777777777777778,0.8629629629629629,0.8703703703703703,0.8810408921933085,0.8438661710037175,0.8672036348616274,0.013235791779323524,36
42,0.004929924011230468,0.0001400561406074311,0.0014767169952392579,0.00016198926772111817,balanced,entropy,43,"{'class_weight': 'balanced', 'criterion': 'entropy', 'max_depth': 43}",0.8777777777777778,0.8629629629629629,0.8703703703703703,0.8810408921933085,0.8438661710037175,0.8672036348616274,0.013235791779323524,36
32,0.005301332473754883,0.0005014531327297309,0.001508474349975586,0.00018554008945571385,balanced,entropy,33,"{'class_weight': 'balanced', 'criterion': 'entropy', 'max_depth': 33}",0.8777777777777778,0.8629629629629629,0.8703703703703703,0.8810408921933085,0.8438661710037175,0.8672036348616274,0.013235791779323524,36
33,0.004977178573608398,0.00026928035036393014,0.001394367218017578,1.5171067091808872e-05,balanced,entropy,34,"{'class_weight': 'balanced', 'criterion': 'entropy', 'max_depth': 34}",0.8777777777777778,0.8629629629629629,0.8703703703703703,0.8810408921933085,0.8438661710037175,0.8672036348616274,0.013235791779323524,36
34,0.005024766921997071,0.00019866037503772272,0.0014748096466064454,0.00017124001127553608,balanced,entropy,35,"{'class_weight': 'balanced', 'criterion': 'entropy', 'max_depth': 35}",0.8777777777777778,0.8629629629629629,0.8703703703703703,0.8810408921933085,0.8438661710037175,0.8672036348616274,0.013235791779323524,36
35,0.004895925521850586,4.444035336867124e-05,0.0014351367950439452,8.179093132234288e-05,balanced,entropy,36,"{'class_weight': 'balanced', 'criterion': 'entropy', 'max_depth': 36}",0.8777777777777778,0.8629629629629629,0.8703703703703703,0.8810408921933085,0.8438661710037175,0.8672036348616274,0.013235791779323524,36
36,0.004886007308959961,3.48641339574778e-05,0.001388406753540039,1.557046740397027e-05,balanced,entropy,37,"{'class_weight': 'balanced', 'criterion': 'entropy', 'max_depth': 37}",0.8777777777777778,0.8629629629629629,0.8703703703703703,0.8810408921933085,0.8438661710037175,0.8672036348616274,0.013235791779323524,36
31,0.004859256744384766,8.770374477953513e-05,0.0013953208923339843,2.635689085675109e-05,balanced,entropy,32,"{'class_weight': 'balanced', 'criterion': 'entropy', 'max_depth': 32}",0.8777777777777778,0.8629629629629629,0.8703703703703703,0.8810408921933085,0.8438661710037175,0.8672036348616274,0.013235791779323524,36
40,0.004868364334106446,7.42212928592032e-05,0.0014147758483886719,6.814551881928803e-05,balanced,entropy,41,"{'class_weight': 'balanced', 'criterion': 'entropy', 'max_depth': 41}",0.8777777777777778,0.8629629629629629,0.8703703703703703,0.8810408921933085,0.8438661710037175,0.8672036348616274,0.013235791779323524,36
39,0.004979324340820312,0.0001533294628449591,0.0014230728149414063,1.9832298876547835e-05,balanced,entropy,40,"{'class_weight': 'balanced', 'criterion': 'entropy', 'max_depth': 40}",0.8777777777777778,0.8629629629629629,0.8703703703703703,0.8810408921933085,0.8438661710037175,0.8672036348616274,0.013235791779323524,36
38,0.005333423614501953,0.0005209171519263444,0.0016129970550537109,0.000216359604753285,balanced,entropy,39,"{'class_weight': 'balanced', 'criterion': 'entropy', 'max_depth': 39}",0.8777777777777778,0.8629629629629629,0.8703703703703703,0.8810408921933085,0.8438661710037175,0.8672036348616274,0.013235791779323524,36
37,0.0049626827239990234,0.0001103269706021045,0.0013940811157226562,1.777739481604563e-05,balanced,entropy,38,"{'class_weight': 'balanced', 'criterion': 'entropy', 'max_depth': 38}",0.8777777777777778,0.8629629629629629,0.8703703703703703,0.8810408921933085,0.8438661710037175,0.8672036348616274,0.013235791779323524,36
164,0.003996038436889648,5.187598206777819e-05,0.0013857364654541015,3.7958573983531506e-05,,gini,18,"{'class_weight': None, 'criterion': 'gini', 'max_depth': 18}",0.8592592592592593,0.8740740740740741,0.8962962962962963,0.8698884758364313,0.8364312267657993,0.867189866446372,0.01954915604963844,60
66,0.004465055465698242,0.00014556998913695278,0.0014018535614013672,4.022974247226048e-05,balanced,gini,18,"{'class_weight': 'balanced', 'criterion': 'gini', 'max_depth': 18}",0.8851851851851852,0.8444444444444444,0.9037037037037037,0.8698884758364313,0.8327137546468402,0.867187112763321,0.02596278401617298,61
21,0.0054473876953125,0.00043534258490003647,0.0015826225280761719,0.0001250574880041543,balanced,entropy,22,"{'class_weight': 'balanced', 'criterion': 'entropy', 'max_depth': 22}",0.8777777777777778,0.8629629629629629,0.8703703703703703,0.8773234200743495,0.8438661710037175,0.8664601404378356,0.012522838037964557,62
168,0.004033565521240234,8.88398942473641e-05,0.0013620376586914063,5.063013743756774e-06,,gini,22,"{'class_weight': None, 'criterion': 'gini', 'max_depth': 22}",0.8666666666666667,0.8851851851851852,0.8777777777777778,0.8661710037174721,0.8364312267657993,0.8664463720225802,0.016616721562036668,63
67,0.0044840812683105465,0.00012002196819801987,0.0014082431793212891,5.470687692429182e-05,balanced,gini,19,"{'class_weight': 'balanced', 'criterion': 'gini', 'max_depth': 19}",0.8740740740740741,0.8555555555555555,0.9037037037037037,0.8661710037174721,0.8327137546468402,0.8664436183395292,0.02325022903418249,64
165,0.003977394104003907,8.430146517096577e-05,0.001396036148071289,3.82153375286005e-05,,gini,19,"{'class_weight': None, 'criterion': 'gini', 'max_depth': 19}",0.8703703703703703,0.8851851851851852,0.8814814814814815,0.862453531598513,0.8327137546468402,0.8664408646564781,0.018689181342329355,65
17,0.0047896385192871095,2.9359541865504484e-05,0.0014024734497070312,6.682232677413894e-05,balanced,entropy,18,"{'class_weight': 'balanced', 'criterion': 'entropy', 'max_depth': 18}",0.8740740740740741,0.8592592592592593,0.8740740740740741,0.8736059479553904,0.8475836431226765,0.8657193996970948,0.010699886843553509,66
118,0.004540252685546875,0.00016885532949453285,0.001401376724243164,2.5188288181936224e-05,,entropy,21,"{'class_weight': None, 'criterion': 'entropy', 'max_depth': 21}",0.8555555555555555,0.8814814814814815,0.8814814814814815,0.8698884758364313,0.8401486988847584,0.8657111386479416,0.01594635862354685,67
22,0.005153369903564453,7.614201080064863e-05,0.0015094280242919922,4.529325542160291e-05,balanced,entropy,23,"{'class_weight': 'balanced', 'criterion': 'entropy', 'max_depth': 23}",0.8777777777777778,0.8555555555555555,0.8703703703703703,0.8810408921933085,0.8401486988847584,0.8649786589563542,0.015206611233239678,68
169,0.004050159454345703,0.00012205928514263226,0.001362180709838867,1.2558663293040082e-05,,gini,23,"{'class_weight': None, 'criterion': 'gini', 'max_depth': 23}",0.8703703703703703,0.8740740740740741,0.8740740740740741,0.8661710037174721,0.8401486988847584,0.8649676442241498,0.012747326785362546,69
20,0.004861640930175781,7.42886277160751e-05,0.0013789653778076172,1.6022296168852538e-05,balanced,entropy,21,"{'class_weight': 'balanced', 'criterion': 'entropy', 'max_depth': 21}",0.8777777777777778,0.8518518518518519,0.8703703703703703,0.8810408921933085,0.8401486988847584,0.8642379182156134,0.015728825949994862,70
170,0.0040305137634277345,5.602651958263577e-05,0.0013640403747558593,1.196794774005592e-05,,gini,24,"{'class_weight': None, 'criterion': 'gini', 'max_depth': 24}",0.8629629629629629,0.8740740740740741,0.8814814814814815,0.8661710037174721,0.8364312267657993,0.864224149800358,0.015314463151991697,71
18,0.004836606979370117,5.723782117014864e-05,0.001390695571899414,2.8965649697279816e-05,balanced,entropy,19,"{'class_weight': 'balanced', 'criterion': 'entropy', 'max_depth': 19}",0.8740740740740741,0.8592592592592593,0.8629629629629629,0.8698884758364313,0.8513011152416357,0.8634971774748728,0.007996358000497646,72
186,0.004074525833129883,4.188014911564386e-05,0.0014094829559326172,5.2650984877619894e-05,,gini,40,"{'class_weight': None, 'criterion': 'gini', 'max_depth': 40}",0.8629629629629629,0.8740740740740741,0.8777777777777778,0.8661710037174721,0.8364312267657993,0.8634834090596172,0.014531385058153112,73
187,0.004009628295898437,4.101481491875509e-05,0.0014115333557128905,5.427332800789453e-05,,gini,41,"{'class_weight': None, 'criterion': 'gini', 'max_depth': 41}",0.8629629629629629,0.8740740740740741,0.8777777777777778,0.8661710037174721,0.8364312267657993,0.8634834090596172,0.014531385058153112,73
188,0.004076242446899414,3.1941327760149965e-05,0.0014036178588867187,4.062932412266887e-05,,gini,42,"{'class_weight': None, 'criterion': 'gini', 'max_depth': 42}",0.8629629629629629,0.8740740740740741,0.8777777777777778,0.8661710037174721,0.8364312267657993,0.8634834090596172,0.014531385058153112,73
176,0.004016256332397461,4.580779784726546e-05,0.001393747329711914,1.9896398264351383e-05,,gini,30,"{'class_weight': None, 'criterion': 'gini', 'max_depth': 30}",0.8629629629629629,0.8740740740740741,0.8777777777777778,0.8661710037174721,0.8364312267657993,0.8634834090596172,0.014531385058153112,73
185,0.004021739959716797,4.0973771030052564e-05,0.0013851642608642579,3.117778527789264e-05,,gini,39,"{'class_weight': None, 'criterion': 'gini', 'max_depth': 39}",0.8629629629629629,0.8740740740740741,0.8777777777777778,0.8661710037174721,0.8364312267657993,0.8634834090596172,0.014531385058153112,73
190,0.004061317443847657,6.709500404490628e-05,0.0014527797698974609,0.00017578352034281478,,gini,44,"{'class_weight': None, 'criterion': 'gini', 'max_depth': 44}",0.8629629629629629,0.8740740740740741,0.8777777777777778,0.8661710037174721,0.8364312267657993,0.8634834090596172,0.014531385058153112,73
191,0.004067373275756836,0.00014589303333721452,0.0013669490814208984,1.163482666015625e-05,,gini,45,"{'class_weight': None, 'criterion': 'gini', 'max_depth': 45}",0.8629629629629629,0.8740740740740741,0.8777777777777778,0.8661710037174721,0.8364312267657993,0.8634834090596172,0.014531385058153112,73
192,0.004043102264404297,8.743768573852182e-05,0.0013949871063232422,3.711282141972592e-05,,gini,46,"{'class_weight': None, 'criterion': 'gini', 'max_depth': 46}",0.8629629629629629,0.8740740740740741,0.8777777777777778,0.8661710037174721,0.8364312267657993,0.8634834090596172,0.014531385058153112,73
193,0.004023218154907226,9.774726764956486e-05,0.0013883113861083984,4.670156857059637e-05,,gini,47,"{'class_weight': None, 'criterion': 'gini', 'max_depth': 47}",0.8629629629629629,0.8740740740740741,0.8777777777777778,0.8661710037174721,0.8364312267657993,0.8634834090596172,0.014531385058153112,73
189,0.003995752334594727,3.498620227223981e-05,0.0013627052307128907,2.224331624925728e-06,,gini,43,"{'class_weight': None, 'criterion': 'gini', 'max_depth': 43}",0.8629629629629629,0.8740740740740741,0.8777777777777778,0.8661710037174721,0.8364312267657993,0.8634834090596172,0.014531385058153112,73
184,0.0040438175201416016,2.467649570349323e-05,0.001392030715942383,3.324810130402769e-05,,gini,38,"{'class_weight': None, 'criterion': 'gini', 'max_depth': 38}",0.8629629629629629,0.8740740740740741,0.8777777777777778,0.8661710037174721,0.8364312267657993,0.8634834090596172,0.014531385058153112,73
180,0.00406942367553711,0.00010761662174523339,0.0013769149780273437,1.2290379471113036e-05,,gini,34,"{'class_weight': None, 'criterion': 'gini', 'max_depth': 34}",0.8629629629629629,0.8740740740740741,0.8777777777777778,0.8661710037174721,0.8364312267657993,0.8634834090596172,0.014531385058153112,73
182,0.0040130138397216795,7.415260902731773e-05,0.0013894081115722657,5.2544469108151776e-05,,gini,36,"{'class_weight': None, 'criterion': 'gini', 'max_depth': 36}",0.8629629629629629,0.8740740740740741,0.8777777777777778,0.8661710037174721,0.8364312267657993,0.8634834090596172,0.014531385058153112,73
181,0.0040128231048583984,5.691027011986527e-05,0.0013937950134277344,2.058368545282692e-05,,gini,35,"{'class_weight': None, 'criterion': 'gini', 'max_depth': 35}",0.8629629629629629,0.8740740740740741,0.8777777777777778,0.8661710037174721,0.8364312267657993,0.8634834090596172,0.014531385058153112,73
194,0.004002618789672852,4.4450175730204615e-05,0.0013578414916992187,1.0172848895035876e-05,,gini,48,"{'class_weight': None, 'criterion': 'gini', 'max_depth': 48}",0.8629629629629629,0.8740740740740741,0.8777777777777778,0.8661710037174721,0.8364312267657993,0.8634834090596172,0.014531385058153112,73
179,0.004056787490844727,5.787447844581218e-05,0.0013801097869873048,2.022970052875859e-05,,gini,33,"{'class_weight': None, 'criterion': 'gini', 'max_depth': 33}",0.8629629629629629,0.8740740740740741,0.8777777777777778,0.8661710037174721,0.8364312267657993,0.8634834090596172,0.014531385058153112,73
178,0.00402989387512207,6.767066916949485e-05,0.0013692855834960937,7.803830164138331e-06,,gini,32,"{'class_weight': None, 'criterion': 'gini', 'max_depth': 32}",0.8629629629629629,0.8740740740740741,0.8777777777777778,0.8661710037174721,0.8364312267657993,0.8634834090596172,0.014531385058153112,73
172,0.0039767265319824215,4.3221178664250154e-05,0.0013829708099365235,1.9913075981022595e-05,,gini,26,"{'class_weight': None, 'criterion': 'gini', 'max_depth': 26}",0.8629629629629629,0.8740740740740741,0.8777777777777778,0.8661710037174721,0.8364312267657993,0.8634834090596172,0.014531385058153112,73
173,0.004062509536743164,6.098346458430448e-05,0.001371908187866211,2.913447721762221e-05,,gini,27,"{'class_weight': None, 'criterion': 'gini', 'max_depth': 27}",0.8629629629629629,0.8740740740740741,0.8777777777777778,0.8661710037174721,0.8364312267657993,0.8634834090596172,0.014531385058153112,73
174,0.004013156890869141,6.042744168394044e-05,0.0013579845428466797,6.435358672617269e-06,,gini,28,"{'class_weight': None, 'criterion': 'gini', 'max_depth': 28}",0.8629629629629629,0.8740740740740741,0.8777777777777778,0.8661710037174721,0.8364312267657993,0.8634834090596172,0.014531385058153112,73
177,0.004054403305053711,4.466938625770623e-05,0.00137481689453125,2.3729344961210926e-05,,gini,31,"{'class_weight': None, 'criterion': 'gini', 'max_depth': 31}",0.8629629629629629,0.8740740740740741,0.8777777777777778,0.8661710037174721,0.8364312267657993,0.8634834090596172,0.014531385058153112,73
175,0.00435481071472168,0.0005874593652550954,0.0014609813690185547,0.0001257997643228185,,gini,29,"{'class_weight': None, 'criterion': 'gini', 'max_depth': 29}",0.8629629629629629,0.8740740740740741,0.8777777777777778,0.8661710037174721,0.8364312267657993,0.8634834090596172,0.014531385058153112,73
183,0.00404205322265625,5.767711570222476e-05,0.0013872623443603516,2.1055802877110635e-05,,gini,37,"{'class_weight': None, 'criterion': 'gini', 'max_depth': 37}",0.8629629629629629,0.8740740740740741,0.8777777777777778,0.8661710037174721,0.8364312267657993,0.8634834090596172,0.014531385058153112,73
171,0.004028606414794922,6.559092273612224e-05,0.0013759613037109375,2.5132258711878085e-05,,gini,25,"{'class_weight': None, 'criterion': 'gini', 'max_depth': 25}",0.8629629629629629,0.8740740740740741,0.8777777777777778,0.8661710037174721,0.8364312267657993,0.8634834090596172,0.014531385058153112,73
195,0.004042148590087891,4.7743521379198096e-05,0.0013664722442626952,2.5044892962403063e-05,,gini,49,"{'class_weight': None, 'criterion': 'gini', 'max_depth': 49}",0.8629629629629629,0.8740740740740741,0.8777777777777778,0.8661710037174721,0.8364312267657993,0.8634834090596172,0.014531385058153112,73
121,0.004403829574584961,7.201346255742211e-05,0.0013737201690673829,2.1611509935100802e-05,,entropy,24,"{'class_weight': None, 'criterion': 'entropy', 'max_depth': 24}",0.8481481481481481,0.8666666666666667,0.8851851851851852,0.8810408921933085,0.8327137546468402,0.8627509293680298,0.019842503155592977,98
146,0.004538822174072266,0.00024953924970716137,0.001373147964477539,1.2729498165339188e-05,,entropy,49,"{'class_weight': None, 'criterion': 'entropy', 'max_depth': 49}",0.8481481481481481,0.8666666666666667,0.8851851851851852,0.8810408921933085,0.828996282527881,0.8620074349442379,0.02099049811547801,99
127,0.004465055465698242,7.689942072933354e-05,0.0013996124267578124,5.7457710190940245e-05,,entropy,30,"{'class_weight': None, 'criterion': 'entropy', 'max_depth': 30}",0.8481481481481481,0.8666666666666667,0.8851851851851852,0.8810408921933085,0.828996282527881,0.8620074349442379,0.02099049811547801,99
126,0.004438209533691406,6.925087514194669e-05,0.0013609886169433593,5.458900429902527e-06,,entropy,29,"{'class_weight': None, 'criterion': 'entropy', 'max_depth': 29}",0.8481481481481481,0.8666666666666667,0.8851851851851852,0.8810408921933085,0.828996282527881,0.8620074349442379,0.02099049811547801,99
125,0.0044361591339111325,9.402662921772354e-05,0.0013957500457763671,4.176353145116024e-05,,entropy,28,"{'class_weight': None, 'criterion': 'entropy', 'max_depth': 28}",0.8481481481481481,0.8666666666666667,0.8851851851851852,0.8810408921933085,0.828996282527881,0.8620074349442379,0.02099049811547801,99
124,0.004427814483642578,9.056876328500615e-05,0.0013659000396728516,1.3182628726519695e-05,,entropy,27,"{'class_weight': None, 'criterion': 'entropy', 'max_depth': 27}",0.8481481481481481,0.8666666666666667,0.8851851851851852,0.8810408921933085,0.828996282527881,0.8620074349442379,0.02099049811547801,99
123,0.004449272155761718,9.110517680280549e-05,0.0014121055603027344,9.484882010284304e-05,,entropy,26,"{'class_weight': None, 'criterion': 'entropy', 'max_depth': 26}",0.8481481481481481,0.8666666666666667,0.8851851851851852,0.8810408921933085,0.828996282527881,0.8620074349442379,0.02099049811547801,99
130,0.004478883743286133,0.00012230695570759616,0.0013881206512451171,3.079622432358037e-05,,entropy,33,"{'class_weight': None, 'criterion': 'entropy', 'max_depth': 33}",0.8481481481481481,0.8666666666666667,0.8851851851851852,0.8810408921933085,0.828996282527881,0.8620074349442379,0.02099049811547801,99
131,0.0044628620147705075,9.714573827964425e-05,0.0013607025146484375,7.42152269681691e-06,,entropy,34,"{'class_weight': None, 'criterion': 'entropy', 'max_depth': 34}",0.8481481481481481,0.8666666666666667,0.8851851851851852,0.8810408921933085,0.828996282527881,0.8620074349442379,0.02099049811547801,99
132,0.004445409774780274,0.00011051225546911254,0.0013797283172607422,2.1710495830215855e-05,,entropy,35,"{'class_weight': None, 'criterion': 'entropy', 'max_depth': 35}",0.8481481481481481,0.8666666666666667,0.8851851851851852,0.8810408921933085,0.828996282527881,0.8620074349442379,0.02099049811547801,99
128,0.0045320987701416016,3.8286193475552364e-05,0.001399850845336914,3.657487097934446e-05,,entropy,31,"{'class_weight': None, 'criterion': 'entropy', 'max_depth': 31}",0.8481481481481481,0.8666666666666667,0.8851851851851852,0.8810408921933085,0.828996282527881,0.8620074349442379,0.02099049811547801,99
134,0.004437398910522461,7.516085108664755e-05,0.0014191627502441405,0.00010178050885337477,,entropy,37,"{'class_weight': None, 'criterion': 'entropy', 'max_depth': 37}",0.8481481481481481,0.8666666666666667,0.8851851851851852,0.8810408921933085,0.828996282527881,0.8620074349442379,0.02099049811547801,99
135,0.004419755935668945,6.034061016060893e-05,0.0013644695281982422,1.1852065503060163e-05,,entropy,38,"{'class_weight': None, 'criterion': 'entropy', 'max_depth': 38}",0.8481481481481481,0.8666666666666667,0.8851851851851852,0.8810408921933085,0.828996282527881,0.8620074349442379,0.02099049811547801,99
133,0.0044457435607910155,5.171505078420542e-05,0.001363992691040039,4.096361464484125e-06,,entropy,36,"{'class_weight': None, 'criterion': 'entropy', 'max_depth': 36}",0.8481481481481481,0.8666666666666667,0.8851851851851852,0.8810408921933085,0.828996282527881,0.8620074349442379,0.02099049811547801,99
137,0.0044253826141357425,7.735492176773577e-05,0.0013916015625,6.574396533739913e-05,,entropy,40,"{'class_weight': None, 'criterion': 'entropy', 'max_depth': 40}",0.8481481481481481,0.8666666666666667,0.8851851851851852,0.8810408921933085,0.828996282527881,0.8620074349442379,0.02099049811547801,99
145,0.004459667205810547,8.139351894878543e-05,0.0013812065124511718,2.8104039413119477e-05,,entropy,48,"{'class_weight': None, 'criterion': 'entropy', 'max_depth': 48}",0.8481481481481481,0.8666666666666667,0.8851851851851852,0.8810408921933085,0.828996282527881,0.8620074349442379,0.02099049811547801,99
144,0.0044422149658203125,9.240213396509787e-05,0.0013576507568359374,5.088100498807624e-06,,entropy,47,"{'class_weight': None, 'criterion': 'entropy', 'max_depth': 47}",0.8481481481481481,0.8666666666666667,0.8851851851851852,0.8810408921933085,0.828996282527881,0.8620074349442379,0.02099049811547801,99
143,0.004456758499145508,3.571093296818855e-05,0.0013828277587890625,2.8836626117335367e-05,,entropy,46,"{'class_weight': None, 'criterion': 'entropy', 'max_depth': 46}",0.8481481481481481,0.8666666666666667,0.8851851851851852,0.8810408921933085,0.828996282527881,0.8620074349442379,0.02099049811547801,99
136,0.004479217529296875,7.065359104249793e-05,0.0014120578765869141,9.28406477820612e-05,,entropy,39,"{'class_weight': None, 'criterion': 'entropy', 'max_depth': 39}",0.8481481481481481,0.8666666666666667,0.8851851851851852,0.8810408921933085,0.828996282527881,0.8620074349442379,0.02099049811547801,99
142,0.004424476623535156,5.999259580157743e-05,0.0013633251190185546,2.63945627271615e-06,,entropy,45,"{'class_weight': None, 'criterion': 'entropy', 'max_depth': 45}",0.8481481481481481,0.8666666666666667,0.8851851851851852,0.8810408921933085,0.828996282527881,0.8620074349442379,0.02099049811547801,99
129,0.004464054107666015,7.157460757207753e-05,0.0013869285583496093,3.36808417219767e-05,,entropy,32,"{'class_weight': None, 'criterion': 'entropy', 'max_depth': 32}",0.8481481481481481,0.8666666666666667,0.8851851851851852,0.8810408921933085,0.828996282527881,0.8620074349442379,0.02099049811547801,99
141,0.004443025588989258,4.992136628855496e-05,0.0014129161834716796,7.841201049568235e-05,,entropy,44,"{'class_weight': None, 'criterion': 'entropy', 'max_depth': 44}",0.8481481481481481,0.8666666666666667,0.8851851851851852,0.8810408921933085,0.828996282527881,0.8620074349442379,0.02099049811547801,99
140,0.004432392120361328,7.76345077704399e-05,0.0013731956481933595,2.687797023658527e-05,,entropy,43,"{'class_weight': None, 'criterion': 'entropy', 'max_depth': 43}",0.8481481481481481,0.8666666666666667,0.8851851851851852,0.8810408921933085,0.828996282527881,0.8620074349442379,0.02099049811547801,99
139,0.0044272422790527345,8.528328221301713e-05,0.0013973712921142578,5.138570319575528e-05,,entropy,42,"{'class_weight': None, 'criterion': 'entropy', 'max_depth': 42}",0.8481481481481481,0.8666666666666667,0.8851851851851852,0.8810408921933085,0.828996282527881,0.8620074349442379,0.02099049811547801,99
138,0.004464435577392578,6.480941493365218e-05,0.0013720989227294922,1.692738331206454e-05,,entropy,41,"{'class_weight': None, 'criterion': 'entropy', 'max_depth': 41}",0.8481481481481481,0.8666666666666667,0.8851851851851852,0.8810408921933085,0.828996282527881,0.8620074349442379,0.02099049811547801,99
65,0.004433774948120117,0.0001473473575924198,0.0013828277587890625,2.552214931015355e-05,balanced,gini,17,"{'class_weight': 'balanced', 'criterion': 'gini', 'max_depth': 17}",0.8925925925925926,0.8407407407407408,0.9,0.8587360594795539,0.8178438661710037,0.861982651796778,0.030958936620734307,123
16,0.004794692993164063,3.053604997450844e-05,0.0013876914978027343,1.4609904570499033e-05,balanced,entropy,17,"{'class_weight': 'balanced', 'criterion': 'entropy', 'max_depth': 17}",0.8629629629629629,0.8592592592592593,0.8814814814814815,0.8661710037174721,0.8364312267657993,0.8612611868373949,0.014535455207569218,124
122,0.004496049880981445,6.833683726979059e-05,0.0014373779296875,6.362826846446928e-05,,entropy,25,"{'class_weight': None, 'criterion': 'entropy', 'max_depth': 25}",0.8407407407407408,0.8666666666666667,0.8851851851851852,0.8810408921933085,0.828996282527881,0.8605259534627564,0.02214598641121391,125
119,0.004385805130004883,4.431266978583302e-05,0.0013658523559570313,2.3765632849726643e-05,,entropy,22,"{'class_weight': None, 'criterion': 'entropy', 'max_depth': 22}",0.8444444444444444,0.8629629629629629,0.8851851851851852,0.8661710037174721,0.8401486988847584,0.8597824590389646,0.01622939822343603,126
120,0.0044823169708251955,7.144659768491577e-05,0.001399660110473633,8.232653952099873e-05,,entropy,23,"{'class_weight': None, 'criterion': 'entropy', 'max_depth': 23}",0.8481481481481481,0.8666666666666667,0.8851851851851852,0.8736059479553904,0.8252788104089219,0.8597769516728626,0.0210220763159967,127
116,0.004414653778076172,6.386852377613159e-05,0.0013895511627197265,5.128591458779673e-05,,entropy,19,"{'class_weight': None, 'criterion': 'entropy', 'max_depth': 19}",0.8592592592592593,0.8666666666666667,0.8629629629629629,0.8661710037174721,0.8401486988847584,0.8590417182982237,0.009811587175972912,128
117,0.0044515132904052734,0.00010427186880672612,0.0013750076293945312,2.1569385069385144e-05,,entropy,20,"{'class_weight': None, 'criterion': 'entropy', 'max_depth': 20}",0.8555555555555555,0.8592592592592593,0.8740740740740741,0.8661710037174721,0.8327137546468402,0.8575547294506404,0.013936320004673632,129
15,0.004792165756225586,5.784614530783263e-05,0.0013756752014160156,1.6185092260415065e-05,balanced,entropy,16,"{'class_weight': 'balanced', 'criterion': 'entropy', 'max_depth': 16}",0.8555555555555555,0.8592592592592593,0.8592592592592593,0.8661710037174721,0.8364312267657993,0.8553352609114692,0.010056041815104291,130
64,0.004436635971069336,0.0001589788672532738,0.0014044284820556641,3.1859931015841875e-05,balanced,gini,16,"{'class_weight': 'balanced', 'criterion': 'gini', 'max_depth': 16}",0.8629629629629629,0.8407407407407408,0.8888888888888888,0.8513011152416357,0.8141263940520446,0.8516040203772546,0.024665206536940366,131
163,0.003934526443481445,2.826988922631991e-05,0.001365518569946289,9.310665255473781e-06,,gini,17,"{'class_weight': None, 'criterion': 'gini', 'max_depth': 17}",0.8333333333333334,0.8814814814814815,0.8777777777777778,0.8513011152416357,0.8104089219330854,0.8508605259534627,0.026854832828032537,132
162,0.0039713382720947266,7.305559216317011e-05,0.0014023303985595704,4.267503425200248e-05,,gini,16,"{'class_weight': None, 'criterion': 'gini', 'max_depth': 16}",0.8222222222222222,0.8851851851851852,0.8740740740740741,0.8550185873605948,0.8104089219330854,0.8493817981550323,0.028913291238813428,133
14,0.004891109466552734,0.00014227309031624753,0.0014937400817871093,0.00010513955498974117,balanced,entropy,15,"{'class_weight': 'balanced', 'criterion': 'entropy', 'max_depth': 15}",0.8518518518518519,0.8481481481481481,0.8481481481481481,0.862453531598513,0.8327137546468402,0.8486630868787003,0.00954207639938925,134
63,0.004349851608276367,9.81288237984837e-05,0.0014101505279541016,7.05363854411451e-05,balanced,gini,15,"{'class_weight': 'balanced', 'criterion': 'gini', 'max_depth': 15}",0.8555555555555555,0.8444444444444444,0.8777777777777778,0.8550185873605948,0.7992565055762082,0.8464105741429162,0.025957665106280774,135
115,0.004464340209960937,0.00012996987296221127,0.0013915538787841798,4.640843211048946e-05,,entropy,18,"{'class_weight': None, 'criterion': 'entropy', 'max_depth': 18}",0.8296296296296296,0.8518518518518519,0.8555555555555555,0.862453531598513,0.8252788104089219,0.8449538758088945,0.014752331064282807,136
114,0.004400968551635742,8.725299171239406e-05,0.0013614177703857421,5.986917921340755e-06,,entropy,17,"{'class_weight': None, 'criterion': 'entropy', 'max_depth': 17}",0.825925925925926,0.8555555555555555,0.8555555555555555,0.8661710037174721,0.8141263940520446,0.8434668869613107,0.019881139668761216,137
112,0.004333353042602539,7.591280505813334e-05,0.00137481689453125,9.533881711831046e-06,,entropy,15,"{'class_weight': None, 'criterion': 'entropy', 'max_depth': 15}",0.8333333333333334,0.8555555555555555,0.8518518518518519,0.8661710037174721,0.7955390334572491,0.8404901555830924,0.024849079920278884,138
113,0.004434919357299805,0.00019199068776503084,0.0014258384704589843,9.940534928332783e-05,,entropy,16,"{'class_weight': None, 'criterion': 'entropy', 'max_depth': 16}",0.825925925925926,0.8444444444444444,0.8518518518518519,0.8587360594795539,0.8029739776951673,0.8367864518793887,0.02014264548018679,139
161,0.0038879871368408202,6.559199735527751e-05,0.0013537883758544921,4.438429366386451e-06,,gini,15,"{'class_weight': None, 'criterion': 'gini', 'max_depth': 15}",0.8148148148148148,0.8666666666666667,0.8629629629629629,0.8475836431226765,0.79182156133829,0.8367699297810821,0.02898002470239862,140
62,0.004374027252197266,4.950800689325872e-05,0.00140838623046875,2.8129512713331265e-05,balanced,gini,14,"{'class_weight': 'balanced', 'criterion': 'gini', 'max_depth': 14}",0.8518518518518519,0.8333333333333334,0.8703703703703703,0.8401486988847584,0.7843866171003717,0.836018174308137,0.02870841696399597,141
13,0.004716062545776367,4.9087971085569656e-05,0.0013854026794433594,4.5608022211057755e-05,balanced,entropy,14,"{'class_weight': 'balanced', 'criterion': 'entropy', 'max_depth': 14}",0.8518518518518519,0.837037037037037,0.8222222222222222,0.8438661710037175,0.8215613382899628,0.8353077240809583,0.01191754321946658,142
111,0.004391956329345703,0.0002967182350713115,0.0013836383819580077,2.6949779897455534e-05,,entropy,14,"{'class_weight': None, 'criterion': 'entropy', 'max_depth': 14}",0.8222222222222222,0.8296296296296296,0.8296296296296296,0.8773234200743495,0.7881040892193308,0.8293817981550324,0.028473253188396015,143
160,0.0039180278778076175,7.75901535110356e-05,0.0013783931732177734,2.894861068573244e-05,,gini,14,"{'class_weight': None, 'criterion': 'gini', 'max_depth': 14}",0.825925925925926,0.8592592592592593,0.8555555555555555,0.8364312267657993,0.7695167286245354,0.8293377392262151,0.0323208372386714,144
61,0.004252719879150391,4.8486719311166637e-05,0.0013720035552978516,5.7903818683105e-06,balanced,gini,13,"{'class_weight': 'balanced', 'criterion': 'gini', 'max_depth': 13}",0.8444444444444444,0.825925925925926,0.8518518518518519,0.8215613382899628,0.7732342007434945,0.8234035522511359,0.027490888841191826,145
110,0.004218769073486328,5.837885215382432e-05,0.001364278793334961,6.57170875143501e-06,,entropy,13,"{'class_weight': None, 'criterion': 'entropy', 'max_depth': 13}",0.8185185185185185,0.8185185185185185,0.837037037037037,0.8438661710037175,0.7769516728624535,0.8189783835880491,0.02329027390571176,146
12,0.004631185531616211,2.117264375454465e-05,0.0013887882232666016,6.414886585337458e-05,balanced,entropy,13,"{'class_weight': 'balanced', 'criterion': 'entropy', 'max_depth': 13}",0.837037037037037,0.8185185185185185,0.7925925925925926,0.8141263940520446,0.8104089219330854,0.8145366928266556,0.014288952362877269,147
11,0.00467386245727539,9.921062041912403e-05,0.0014781951904296875,0.00016965226809469313,balanced,entropy,12,"{'class_weight': 'balanced', 'criterion': 'entropy', 'max_depth': 12}",0.8185185185185185,0.8074074074074075,0.8037037037037037,0.8327137546468402,0.8029739776951673,0.8130634723943274,0.011289688792726677,148
159,0.0038518428802490233,2.7384903711605153e-05,0.001374673843383789,6.630265938120015e-06,,gini,13,"{'class_weight': None, 'criterion': 'gini', 'max_depth': 13}",0.8185185185185185,0.8481481481481481,0.8333333333333334,0.8066914498141264,0.7509293680297398,0.8115241635687731,0.0333495472296232,149
109,0.004173851013183594,8.622510673541382e-05,0.0014117240905761718,7.042505477472271e-05,,entropy,12,"{'class_weight': None, 'criterion': 'entropy', 'max_depth': 12}",0.7962962962962963,0.8,0.8407407407407408,0.8252788104089219,0.7546468401486989,0.8033925375189316,0.029366328293915753,150
10,0.004765558242797852,0.00014884045498698265,0.0014836788177490234,2.814470483961649e-05,balanced,entropy,11,"{'class_weight': 'balanced', 'criterion': 'entropy', 'max_depth': 11}",0.8222222222222222,0.762962962962963,0.8,0.8141263940520446,0.7843866171003717,0.7967396392675203,0.02124030247869011,151
60,0.004248762130737304,6.208862927586065e-05,0.0013881683349609374,4.6263673914884435e-05,balanced,gini,12,"{'class_weight': 'balanced', 'criterion': 'gini', 'max_depth': 12}",0.7814814814814814,0.8222222222222222,0.8185185185185185,0.8066914498141264,0.7434944237918215,0.794481619165634,0.029206476079126714,152
158,0.0038186073303222655,4.855799271764478e-05,0.0013713836669921875,1.1575461413641214e-05,,gini,12,"{'class_weight': None, 'criterion': 'gini', 'max_depth': 12}",0.8111111111111111,0.8407407407407408,0.825925925925926,0.7620817843866171,0.7286245353159851,0.7936968194960761,0.04192616365273866,153
108,0.004123401641845703,0.00010537382679605238,0.0013748645782470704,1.2736640941854659e-05,,entropy,11,"{'class_weight': None, 'criterion': 'entropy', 'max_depth': 11}",0.7814814814814814,0.7814814814814814,0.8074074074074075,0.7843866171003717,0.7211895910780669,0.7751893157097618,0.028697556502267213,154
59,0.004370689392089844,0.0002936661557376582,0.001575136184692383,0.00031843543157770196,balanced,gini,11,"{'class_weight': 'balanced', 'criterion': 'gini', 'max_depth': 11}",0.7518518518518519,0.7888888888888889,0.8074074074074075,0.7843866171003717,0.7026022304832714,0.7670273991463582,0.03685298316786608,155
157,0.0036621570587158205,2.8874212555405157e-05,0.001361989974975586,5.101489085672177e-06,,gini,11,"{'class_weight': None, 'criterion': 'gini', 'max_depth': 11}",0.774074074074074,0.8,0.8,0.7286245353159851,0.7100371747211895,0.7625471568222497,0.037003630134449426,156
9,0.004313802719116211,1.773847046672489e-05,0.0014039993286132813,6.90519477871324e-05,balanced,entropy,10,"{'class_weight': 'balanced', 'criterion': 'entropy', 'max_depth': 10}",0.7592592592592593,0.7518518518518519,0.7777777777777778,0.7397769516728625,0.7695167286245354,0.7596365138372573,0.013280584280877666,157
107,0.003949213027954102,3.818194455218839e-05,0.0013548374176025391,3.9048276114603495e-06,,entropy,10,"{'class_weight': None, 'criterion': 'entropy', 'max_depth': 10}",0.7481481481481481,0.774074074074074,0.7851851851851852,0.7472118959107806,0.6691449814126395,0.7447528569461654,0.04056755516014913,158
8,0.0042531490325927734,7.82578252361763e-05,0.0013883590698242187,3.749510991556187e-05,balanced,entropy,9,"{'class_weight': 'balanced', 'criterion': 'entropy', 'max_depth': 9}",0.7111111111111111,0.7333333333333333,0.7407407407407407,0.7620817843866171,0.7360594795539034,0.7366652898251411,0.016291669563648907,159
156,0.003635215759277344,0.00012734466390641988,0.0013785362243652344,1.2751271125242976e-05,,gini,10,"{'class_weight': None, 'criterion': 'gini', 'max_depth': 10}",0.7296296296296296,0.7407407407407407,0.7703703703703704,0.7174721189591078,0.6802973977695167,0.727702051493873,0.029482744529247165,160
58,0.0040206432342529295,6.03660399494042e-05,0.0014721870422363282,0.00020447783703378308,balanced,gini,10,"{'class_weight': 'balanced', 'criterion': 'gini', 'max_depth': 10}",0.7037037037037037,0.7555555555555555,0.762962962962963,0.7769516728624535,0.6356877323420075,0.7269723254853366,0.051931816637770946,161
106,0.0038490772247314455,6.837625380309925e-05,0.0013823986053466796,6.344414706325136e-05,,entropy,9,"{'class_weight': None, 'criterion': 'entropy', 'max_depth': 9}",0.7074074074074074,0.7407407407407407,0.725925925925926,0.6988847583643123,0.6617100371747212,0.7069337739226216,0.026884233999640888,162
57,0.0039764404296875,6.998056025488104e-05,0.001398324966430664,1.7624923131479003e-05,balanced,gini,9,"{'class_weight': 'balanced', 'criterion': 'gini', 'max_depth': 9}",0.6333333333333333,0.7222222222222222,0.737037037037037,0.7286245353159851,0.6505576208178439,0.6943549497452843,0.0433926114373818,163
155,0.003492403030395508,3.0065859027127945e-05,0.0013616085052490234,6.464617664368563e-06,,gini,9,"{'class_weight': None, 'criterion': 'gini', 'max_depth': 9}",0.7148148148148148,0.7074074074074074,0.7222222222222222,0.6654275092936803,0.6394052044609665,0.6898554316398182,0.03200187684175485,164
7,0.0040606498718261715,5.4517232513919244e-05,0.0013935089111328125,4.349042439573961e-05,balanced,entropy,8,"{'class_weight': 'balanced', 'criterion': 'entropy', 'max_depth': 8}",0.6814814814814815,0.6777777777777778,0.6777777777777778,0.6951672862453532,0.6431226765799256,0.6750653999724632,0.017206414490580326,165
105,0.003698301315307617,4.5101183275272455e-05,0.001361989974975586,1.2878664577075531e-05,,entropy,8,"{'class_weight': None, 'criterion': 'entropy', 'max_depth': 8}",0.662962962962963,0.6962962962962963,0.7,0.6579925650557621,0.6245353159851301,0.6683574280600304,0.027708269028524413,166
154,0.003424406051635742,7.458181318978298e-05,0.0013763904571533203,2.6451786545363208e-05,,gini,8,"{'class_weight': None, 'criterion': 'gini', 'max_depth': 8}",0.674074074074074,0.6777777777777778,0.674074074074074,0.6356877323420075,0.6431226765799256,0.6609472669695717,0.0177969229685502,167
56,0.004020261764526367,0.00019694664245573226,0.0014942169189453125,0.00012360640103945995,balanced,gini,8,"{'class_weight': 'balanced', 'criterion': 'gini', 'max_depth': 8}",0.5814814814814815,0.6888888888888889,0.7,0.6691449814126395,0.5762081784386617,0.6431447060443343,0.053448893394573996,168
104,0.0035173892974853516,7.044726397665699e-05,0.0013622283935546876,1.247510264061481e-05,,entropy,7,"{'class_weight': None, 'criterion': 'entropy', 'max_depth': 7}",0.6370370370370371,0.6851851851851852,0.6703703703703704,0.6171003717472119,0.5985130111524164,0.6416411950984442,0.03226433051272714,169
153,0.0032261371612548827,1.3137361305906896e-05,0.0013625621795654297,9.767599204307074e-06,,gini,7,"{'class_weight': None, 'criterion': 'gini', 'max_depth': 7}",0.6518518518518519,0.6407407407407407,0.6518518518518519,0.6096654275092936,0.6245353159851301,0.6357290375877737,0.01642935556692303,170
6,0.003948831558227539,8.124493616614014e-05,0.0014209747314453125,8.631318953671061e-05,balanced,entropy,7,"{'class_weight': 'balanced', 'criterion': 'entropy', 'max_depth': 7}",0.6370370370370371,0.6185185185185185,0.6444444444444445,0.6691449814126395,0.5836431226765799,0.6305576208178438,0.028529708104608854,171
55,0.00397796630859375,0.00039805075035493454,0.0016228199005126954,0.000310618093353283,balanced,gini,7,"{'class_weight': 'balanced', 'criterion': 'gini', 'max_depth': 7}",0.6,0.6518518518518519,0.6481481481481481,0.6617100371747212,0.516728624535316,0.6156877323420075,0.05388614783091465,172
152,0.0030888080596923827,1.502044617164555e-05,0.0013535976409912109,1.1982377939932596e-05,,gini,6,"{'class_weight': None, 'criterion': 'gini', 'max_depth': 6}",0.5851851851851851,0.6148148148148148,0.6333333333333333,0.6059479553903345,0.5650557620817844,0.6008674101610905,0.0236760829622557,173
103,0.003298664093017578,9.13065341791131e-06,0.0013811588287353516,4.992988273231001e-05,,entropy,6,"{'class_weight': None, 'criterion': 'entropy', 'max_depth': 6}",0.5925925925925926,0.5888888888888889,0.6074074074074074,0.5576208178438662,0.550185873605948,0.5793391160677406,0.0218003568935739,174
5,0.003788471221923828,0.00010335273532252352,0.0014803409576416016,9.439725924370314e-05,balanced,entropy,6,"{'class_weight': 'balanced', 'criterion': 'entropy', 'max_depth': 6}",0.5814814814814815,0.5925925925925926,0.5888888888888889,0.5687732342007435,0.5576208178438662,0.5778714030015145,0.012992258923227846,175
54,0.0034608364105224608,3.233096589486067e-05,0.0013912677764892577,3.884587206984907e-05,balanced,gini,6,"{'class_weight': 'balanced', 'criterion': 'gini', 'max_depth': 6}",0.562962962962963,0.6148148148148148,0.6259259259259259,0.5947955390334573,0.45724907063197023,0.5711496626738263,0.06083844001256955,176
151,0.0030005931854248046,4.351817692131359e-05,0.0013643264770507812,9.16793067514939e-06,,gini,5,"{'class_weight': None, 'criterion': 'gini', 'max_depth': 5}",0.5259259259259259,0.5703703703703704,0.5851851851851851,0.550185873605948,0.5130111524163569,0.5489357015007573,0.02681438429705878,177
102,0.0030853271484375,1.1683386166501128e-05,0.0013505935668945313,1.5069412218536382e-05,,entropy,5,"{'class_weight': None, 'criterion': 'entropy', 'max_depth': 5}",0.5259259259259259,0.5555555555555556,0.5185185185185185,0.5539033457249071,0.49814126394052044,0.5304089219330855,0.021849585033766463,178
150,0.002804994583129883,4.963391543415436e-05,0.0013619422912597655,1.4161019977173712e-05,,gini,4,"{'class_weight': None, 'criterion': 'gini', 'max_depth': 4}",0.5333333333333333,0.5,0.5481481481481482,0.5130111524163569,0.4721189591078067,0.513322318601129,0.026414302735794547,179
53,0.003318929672241211,8.553661194445032e-05,0.0013790607452392578,4.50032735945122e-05,balanced,gini,5,"{'class_weight': 'balanced', 'criterion': 'gini', 'max_depth': 5}",0.5148148148148148,0.44814814814814813,0.5666666666666667,0.5576208178438662,0.4275092936802974,0.5029519482307586,0.056363159746146384,180
4,0.0038152694702148437,0.00016242886496413008,0.0015517234802246093,0.0001374053743268155,balanced,entropy,5,"{'class_weight': 'balanced', 'criterion': 'entropy', 'max_depth': 5}",0.46296296296296297,0.5370370370370371,0.5333333333333333,0.4758364312267658,0.45724907063197023,0.49328376703841376,0.03475795283901062,181
101,0.0029326438903808593,5.913119152599511e-05,0.0013710975646972657,2.6023428864912094e-05,,entropy,4,"{'class_weight': None, 'criterion': 'entropy', 'max_depth': 4}",0.4925925925925926,0.5111111111111111,0.4925925925925926,0.4721189591078067,0.4721189591078067,0.48810684290238193,0.014701463279845839,182
149,0.002645254135131836,5.051031379872703e-05,0.0013781070709228515,4.538437777531128e-05,,gini,3,"{'class_weight': None, 'criterion': 'gini', 'max_depth': 3}",0.4962962962962963,0.45925925925925926,0.4962962962962963,0.46096654275092935,0.4312267657992565,0.4688090320804075,0.024804148551377532,183
100,0.0026985645294189454,2.1413970525964885e-05,0.0013432979583740234,3.0059657120655987e-06,,entropy,3,"{'class_weight': None, 'criterion': 'entropy', 'max_depth': 3}",0.4740740740740741,0.44814814814814813,0.43333333333333335,0.45724907063197023,0.4312267657992565,0.44880627839735643,0.015865854320793193,184
52,0.003136014938354492,5.1427191475653896e-05,0.001351785659790039,3.469461395946741e-06,balanced,gini,4,"{'class_weight': 'balanced', 'criterion': 'gini', 'max_depth': 4}",0.5037037037037037,0.3592592592592593,0.4962962962962963,0.483271375464684,0.38661710037174724,0.4458295470191381,0.06049583435691621,185
148,0.002440357208251953,1.1531772102314921e-05,0.0013481616973876954,1.3318702888562082e-05,,gini,2,"{'class_weight': None, 'criterion': 'gini', 'max_depth': 2}",0.4666666666666667,0.4222222222222222,0.4222222222222222,0.4349442379182156,0.3903345724907063,0.4272779843040066,0.024601531983216882,186
3,0.0037876129150390624,0.0002270643072560134,0.0015993118286132812,0.00012219206877124076,balanced,entropy,4,"{'class_weight': 'balanced', 'criterion': 'entropy', 'max_depth': 4}",0.42962962962962964,0.35185185185185186,0.4777777777777778,0.40892193308550184,0.45353159851301117,0.4243425581715544,0.04296038658065651,187
99,0.0025295734405517576,5.925656727162696e-05,0.0013508319854736329,1.8653050504146806e-05,,entropy,2,"{'class_weight': None, 'criterion': 'entropy', 'max_depth': 2}",0.4444444444444444,0.3888888888888889,0.362962962962963,0.4052044609665427,0.3903345724907063,0.39836706595070903,0.026749512442003964,188
50,0.0032730579376220705,0.0003645967632009936,0.0015634059906005859,0.0002338131317104462,balanced,gini,2,"{'class_weight': 'balanced', 'criterion': 'gini', 'max_depth': 2}",0.36666666666666664,0.40370370370370373,0.35185185185185186,0.40892193308550184,0.39776951672862454,0.38578273440726973,0.022436556969672776,189
1,0.0033540248870849608,0.00024229828833191979,0.001598215103149414,0.0001531366523910899,balanced,entropy,2,"{'class_weight': 'balanced', 'criterion': 'entropy', 'max_depth': 2}",0.36666666666666664,0.40370370370370373,0.35185185185185186,0.40892193308550184,0.39776951672862454,0.38578273440726973,0.022436556969672776,189
2,0.0032830238342285156,4.8449799668403e-05,0.001448678970336914,7.644688654720856e-05,balanced,entropy,3,"{'class_weight': 'balanced', 'criterion': 'entropy', 'max_depth': 3}",0.37407407407407406,0.3111111111111111,0.40370370370370373,0.4163568773234201,0.40892193308550184,0.38283353985956214,0.03862853137547956,191
51,0.003092241287231445,0.00014985372247666885,0.0014126300811767578,4.440426824876883e-05,balanced,gini,3,"{'class_weight': 'balanced', 'criterion': 'gini', 'max_depth': 3}",0.3888888888888889,0.3037037037037037,0.40370370370370373,0.4275092936802974,0.34572490706319703,0.37390609940795816,0.04406413417550154,192
147,0.002276897430419922,1.925619354682599e-05,0.0013546943664550781,1.562105721408371e-05,,gini,1,"{'class_weight': None, 'criterion': 'gini', 'max_depth': 1}",0.37037037037037035,0.35185185185185186,0.3592592592592593,0.35315985130111527,0.3420074349442379,0.3553297535453669,0.009337554481570004,193
98,0.0022922039031982424,5.1773493385899086e-05,0.0013274192810058595,2.24974176637372e-06,,entropy,1,"{'class_weight': None, 'criterion': 'entropy', 'max_depth': 1}",0.37037037037037035,0.35185185185185186,0.3592592592592593,0.35315985130111527,0.3420074349442379,0.3553297535453669,0.009337554481570004,193
49,0.0026044845581054688,4.1615619797331026e-05,0.0013492584228515625,1.5078462555005581e-05,balanced,gini,1,"{'class_weight': 'balanced', 'criterion': 'gini', 'max_depth': 1}",0.26296296296296295,0.31851851851851853,0.26666666666666666,0.32342007434944237,0.26022304832713755,0.2863582541649456,0.02837607573817142,195
0,0.0036210060119628907,0.0004690734789363517,0.001924610137939453,0.00029486152482135813,balanced,entropy,1,"{'class_weight': 'balanced', 'criterion': 'entropy', 'max_depth': 1}",0.26296296296296295,0.31851851851851853,0.26666666666666666,0.32342007434944237,0.26022304832713755,0.2863582541649456,0.02837607573817142,195
